"ProblemSlug","TagName","TagType","GoodnessOfFit","Confidence","Justification"
"75-csmo-a-i-1","Počet riešení","Goal",0,,
"75-csmo-a-i-1","Deliteľnosť","Type",0,,
"75-csmo-a-i-1","Množina bodov","Type",0,,
"75-csmo-a-i-1","Geometrická konštrukcia","Goal",0,,
"75-csmo-a-i-1","Periodická postupnosť","Type",0,,
"75-csmo-a-i-1","Kvadratický zvyšok","Type",0,,
"75-csmo-a-i-1","3D geometria","Area",0,,
"75-csmo-a-i-1","Zvyšok po delení","Type",0,,
"75-csmo-a-i-1","Hra dvoch hráčov","Type",0,,
"75-csmo-a-i-1","Symediána","Type",0,,
"75-csmo-a-i-1","Obvod","Type",0,,
"75-csmo-a-i-1","Rovnobežník","Type",0,,
"75-csmo-a-i-1","Algebra","Area",0,,
"75-csmo-a-i-1","Absolútna hodnota","Type",0,,
"75-csmo-a-i-1","Hra 3+ hráčov","Type",0,,
"75-csmo-a-i-1","Sústava nerovníc","Type",0,,
"75-csmo-a-i-1","Priemer","Type",0,,
"75-csmo-a-i-1","Štvorec","Type",0,,
"75-csmo-a-i-1","Nesúdeliteľné čísla","Type",0,,
"75-csmo-a-i-1","Kvadratická rovnica","Type",0,,
"75-csmo-a-i-1","Kružnica pripísaná","Type",0,,
"75-csmo-a-i-1","Výpočet veličiny","Goal",0,,
"75-csmo-a-i-1","Rovnoľahlosť","Type",0,,
"75-csmo-a-i-1","Remizujúca stratégia","Goal",0,,
"75-csmo-a-i-1","Dotyčnicový štvoruholník","Type",0,,
"75-csmo-a-i-1","Dôkaz všeobecného tvrdenia","Goal",0,,
"75-csmo-a-i-1","Fibonacciho postupnosť","Type",0,,
"75-csmo-a-i-1","Ťažnica","Type",0,,
"75-csmo-a-i-1","Kváder","Type",0,,
"75-csmo-a-i-1","Kongruencie","Type",0,,
"75-csmo-a-i-1","Goniometria","Area",0,,
"75-csmo-a-i-1","Teória čísel","Area",0,,
"75-csmo-a-i-1","Pevný bod","Type",0,,
"75-csmo-a-i-1","Parita","Type",0,,
"75-csmo-a-i-1","Lichobežník","Type",0,,
"75-csmo-a-i-1","Permutácia","Type",0,,
"75-csmo-a-i-1","Geometrická postupnosť","Type",0,,
"75-csmo-a-i-1","Logická úloha","Area",0,,
"75-csmo-a-i-1","Ťažisko","Type",0,,
"75-csmo-a-i-1","Algebrogram","Type",0,,
"75-csmo-a-i-1","Existuje riešenie?","Goal",0,,
"75-csmo-a-i-1","Úsekový uhol","Type",0,,
"75-csmo-a-i-1","Primitívny koreň","Type",0,,
"75-csmo-a-i-1","Binomický koeficient","Type",0,,
"75-csmo-a-i-1","Kružnica opísaná","Type",0,,
"75-csmo-a-i-1","Nerovnosť","Type",0,,
"75-csmo-a-i-1","Faktoriál","Type",0,,
"75-csmo-a-i-1","Platí vo všeobecnosti?","Goal",0,,
"75-csmo-a-i-1","Mriežka","Type",0,,
"75-csmo-a-i-1","Teória grafov","Area",0,,
"75-csmo-a-i-1","Medián","Type",0,,
"75-csmo-a-i-1","Magický štvorec","Type",0,,
"75-csmo-a-i-1","Kružnica vpísaná","Type",0,,
"75-csmo-a-i-1","Stredná priečka","Type",0,,
"75-csmo-a-i-1","Aritmetická postupnosť","Type",0,,
"75-csmo-a-i-1","Obsah","Type",0,,
"75-csmo-a-i-1","Nájdite riešenie, ak existuje","Goal",0,,
"75-csmo-a-i-1","Pravouhlý trojuholník","Type",0,,
"75-csmo-a-i-1","Rovnica","Type",0,,
"75-csmo-a-i-1","Najmenší spoločný násobok","Type",0,,
"75-csmo-a-i-1","Víťazná stratégia","Goal",0,,
"75-csmo-a-i-1","Obdĺžnik","Type",0,,
"75-csmo-a-i-1","Pellova rovnica","Type",0,,
"75-csmo-a-i-1","Dôkaz ekvivalencie","Goal",0,,
"75-csmo-a-i-1","Prvočísla","Type",0,,
"75-csmo-a-i-1","Ortocentrum","Type",0,,
"75-csmo-a-i-1","Funkcionálna rovnica","Area",0,,
"75-csmo-a-i-1","Tetivový štvoruholník","Type",0,,
"75-csmo-a-i-1","Geometria","Area",0,,
"75-csmo-a-i-1","Povrch","Type",0,,
"75-csmo-a-i-1","Celá časť","Type",0,,
"75-csmo-a-i-1","Dôkaz existencie","Goal",0,,
"75-csmo-a-i-1","Dotyčnica","Type",0,,
"75-csmo-a-i-1","Komplexné čísla","Area",0,,
"75-csmo-a-i-1","Objem","Type",0,,
"75-csmo-a-i-1","Polynóm","Type",0,,
"75-csmo-a-i-1","Dôkaz neexistencie","Goal",0,,
"75-csmo-a-i-1","Sústava rovníc","Type",0,,
"75-csmo-a-i-1","Rýchlosť","Type",0,,
"75-csmo-a-i-1","Kombinačné číslo","Type",0,,
"75-csmo-a-i-1","Triangulárne číslo","Type",0,,
"75-csmo-a-i-1","Rekurentná postupnosť","Type",0,,
"75-csmo-a-i-1","Palindróm","Type",0,,
"75-csmo-a-i-1","Dôkaz jednoznačnosti","Goal",0,,
"75-csmo-a-i-1","Ciferný súčet","Type",0,,
"75-csmo-a-i-1","Kvadratický polynóm","Type",0,,
"75-csmo-a-i-1","Konštrukčná úloha","Goal",0,,
"75-csmo-a-i-1","Kombinatorika","Area",0,,
"75-csmo-a-i-1","Stredová súmernosť","Type",0,,
"75-csmo-a-i-1","Kosoštvorec","Type",0,,
"75-csmo-a-i-1","Najväčší spoločný deliteľ","Type",0,,
"75-csmo-a-i-1","Číselná sústava","Type",0,,
"75-csmo-a-i-1","Optimalizačná úloha","Goal",0,,
"75-csmo-a-i-1","Iterácia funkcie","Type",0,,
"75-csmo-a-i-1","Kombinatorická geometria","Area",1,1,"The problem combines geometric concepts (convex polygons, specific points like northernmost/southernmost) with combinatorial counting (possible numbers of flags)."
"75-csmo-a-i-1","Všetky riešenia","Goal",1,1,"The problem asks to 'Určte všetky možné počty vlajok', which means finding all possible values for the count of flags."
"75-csmo-a-i-2","Hra 3+ hráčov","Type",0,,
"75-csmo-a-i-2","Rovnoľahlosť","Type",0,,
"75-csmo-a-i-2","Remizujúca stratégia","Goal",0,,
"75-csmo-a-i-2","Dotyčnicový štvoruholník","Type",0,,
"75-csmo-a-i-2","Fibonacciho postupnosť","Type",0,,
"75-csmo-a-i-2","Ťažnica","Type",0,,
"75-csmo-a-i-2","Kváder","Type",0,,
"75-csmo-a-i-2","Kongruencie","Type",0,,
"75-csmo-a-i-2","Goniometria","Area",0,,
"75-csmo-a-i-2","Teória čísel","Area",0,,
"75-csmo-a-i-2","Pevný bod","Type",0,,
"75-csmo-a-i-2","Parita","Type",0,,
"75-csmo-a-i-2","Lichobežník","Type",0,,
"75-csmo-a-i-2","Permutácia","Type",0,,
"75-csmo-a-i-2","Geometrická postupnosť","Type",0,,
"75-csmo-a-i-2","Logická úloha","Area",0,,
"75-csmo-a-i-2","Ťažisko","Type",0,,
"75-csmo-a-i-2","Algebrogram","Type",0,,
"75-csmo-a-i-2","Existuje riešenie?","Goal",0,,
"75-csmo-a-i-2","Úsekový uhol","Type",0,,
"75-csmo-a-i-2","Primitívny koreň","Type",0,,
"75-csmo-a-i-2","Binomický koeficient","Type",0,,
"75-csmo-a-i-2","Kružnica opísaná","Type",0,,
"75-csmo-a-i-2","Faktoriál","Type",0,,
"75-csmo-a-i-2","Platí vo všeobecnosti?","Goal",0,,
"75-csmo-a-i-2","Mriežka","Type",0,,
"75-csmo-a-i-2","Teória grafov","Area",0,,
"75-csmo-a-i-2","Medián","Type",0,,
"75-csmo-a-i-2","Magický štvorec","Type",0,,
"75-csmo-a-i-2","Kružnica vpísaná","Type",0,,
"75-csmo-a-i-2","Stredná priečka","Type",0,,
"75-csmo-a-i-2","Aritmetická postupnosť","Type",0,,
"75-csmo-a-i-2","Obsah","Type",0,,
"75-csmo-a-i-2","Nájdite riešenie, ak existuje","Goal",0,,
"75-csmo-a-i-2","Pravouhlý trojuholník","Type",0,,
"75-csmo-a-i-2","Kombinatorická geometria","Area",0,,
"75-csmo-a-i-2","Najmenší spoločný násobok","Type",0,,
"75-csmo-a-i-2","Víťazná stratégia","Goal",0,,
"75-csmo-a-i-2","Obdĺžnik","Type",0,,
"75-csmo-a-i-2","Pellova rovnica","Type",0,,
"75-csmo-a-i-2","Dôkaz ekvivalencie","Goal",0,,
"75-csmo-a-i-2","Prvočísla","Type",0,,
"75-csmo-a-i-2","Ortocentrum","Type",0,,
"75-csmo-a-i-2","Funkcionálna rovnica","Area",0,,
"75-csmo-a-i-2","Tetivový štvoruholník","Type",0,,
"75-csmo-a-i-2","Geometria","Area",0,,
"75-csmo-a-i-2","Povrch","Type",0,,
"75-csmo-a-i-2","Celá časť","Type",0,,
"75-csmo-a-i-2","Dôkaz existencie","Goal",0,,
"75-csmo-a-i-2","Dotyčnica","Type",0,,
"75-csmo-a-i-2","Komplexné čísla","Area",0,,
"75-csmo-a-i-2","Objem","Type",0,,
"75-csmo-a-i-2","Dôkaz neexistencie","Goal",0,,
"75-csmo-a-i-2","Sústava rovníc","Type",0,,
"75-csmo-a-i-2","Rýchlosť","Type",0,,
"75-csmo-a-i-2","Počet riešení","Goal",0,,
"75-csmo-a-i-2","Kombinačné číslo","Type",0,,
"75-csmo-a-i-2","Triangulárne číslo","Type",0,,
"75-csmo-a-i-2","Rekurentná postupnosť","Type",0,,
"75-csmo-a-i-2","Palindróm","Type",0,,
"75-csmo-a-i-2","Dôkaz jednoznačnosti","Goal",0,,
"75-csmo-a-i-2","Ciferný súčet","Type",0,,
"75-csmo-a-i-2","Konštrukčná úloha","Goal",0,,
"75-csmo-a-i-2","Kombinatorika","Area",0,,
"75-csmo-a-i-2","Stredová súmernosť","Type",0,,
"75-csmo-a-i-2","Kosoštvorec","Type",0,,
"75-csmo-a-i-2","Najväčší spoločný deliteľ","Type",0,,
"75-csmo-a-i-2","Číselná sústava","Type",0,,
"75-csmo-a-i-2","Optimalizačná úloha","Goal",0,,
"75-csmo-a-i-2","Iterácia funkcie","Type",0,,
"75-csmo-a-i-2","Štvorec","Type",0,,
"75-csmo-a-i-2","Nesúdeliteľné čísla","Type",0,,
"75-csmo-a-i-2","Kružnica pripísaná","Type",0,,
"75-csmo-a-i-2","Deliteľnosť","Type",0,,
"75-csmo-a-i-2","Množina bodov","Type",0,,
"75-csmo-a-i-2","Geometrická konštrukcia","Goal",0,,
"75-csmo-a-i-2","Periodická postupnosť","Type",0,,
"75-csmo-a-i-2","Kvadratický zvyšok","Type",0,,
"75-csmo-a-i-2","3D geometria","Area",0,,
"75-csmo-a-i-2","Zvyšok po delení","Type",0,,
"75-csmo-a-i-2","Hra dvoch hráčov","Type",0,,
"75-csmo-a-i-2","Symediána","Type",0,,
"75-csmo-a-i-2","Obvod","Type",0,,
"75-csmo-a-i-2","Rovnobežník","Type",0,,
"75-csmo-a-i-2","Absolútna hodnota","Type",1,1,"The problem explicitly features an absolute value in the equation |x^2-1|=px+q."
"75-csmo-a-i-2","Sústava nerovníc","Type",0,,
"75-csmo-a-i-2","Priemer","Type",0,,
"75-csmo-a-i-2","Dôkaz všeobecného tvrdenia","Goal",1,1,"Part (b) asks to prove that the product of the 4 numbers lies in a specific interval, which is a general assertion to be proven."
"75-csmo-a-i-2","Nerovnosť","Type",1,1,"Part (b) asks to prove that the product lies in an interval, which is equivalent to proving inequalities involving the product."
"75-csmo-a-i-2","Rovnica","Type",1,1,"The problem is centered around solving and analyzing the given equation |x^2-1|=px+q."
"75-csmo-a-i-2","Všetky riešenia","Goal",0,,
"75-csmo-a-i-2","Polynóm","Type",0,,
"75-csmo-a-i-2","Kvadratický polynóm","Type",1,1,"The expression x^2-1 is a quadratic polynomial. When removing the absolute value, the problem will involve quadratic polynomials."
"75-csmo-a-i-2","Kvadratická rovnica","Type",0,,
"75-csmo-a-i-2","Výpočet veličiny","Goal",1,1,"Part (a) asks to determine all possible values of the sum, which is a calculation of a quantity."
"75-csmo-a-i-2","Algebra","Area",1,1,"The problem involves manipulating an algebraic equation, analyzing its roots, and determining properties of those roots, which falls squarely under algebra."
"75-csmo-a-i-3","Výpočet veličiny","Goal",0,,
"75-csmo-a-i-3","Optimalizačná úloha","Goal",1,1,"The problem explicitly asks for the 'najmenší možný počet ťahov', which makes it an optimization problem."
"75-csmo-a-i-3","Kombinatorika","Area",1,1,"The problem is about finding the minimum number of moves in a puzzle, which falls under combinatorial optimization."
"75-csmo-a-i-3","Rekurentná postupnosť","Type",0,,
"75-csmo-a-i-3","Priemer","Type",0,,
"75-csmo-a-i-3","Sústava nerovníc","Type",0,,
"75-csmo-a-i-3","Hra 3+ hráčov","Type",0,,
"75-csmo-a-i-3","Absolútna hodnota","Type",0,,
"75-csmo-a-i-3","Algebra","Area",0,,
"75-csmo-a-i-3","Rovnobežník","Type",0,,
"75-csmo-a-i-3","Obvod","Type",0,,
"75-csmo-a-i-3","Symediána","Type",0,,
"75-csmo-a-i-3","Hra dvoch hráčov","Type",0,,
"75-csmo-a-i-3","Zvyšok po delení","Type",0,,
"75-csmo-a-i-3","3D geometria","Area",0,,
"75-csmo-a-i-3","Kvadratický zvyšok","Type",0,,
"75-csmo-a-i-3","Periodická postupnosť","Type",0,,
"75-csmo-a-i-3","Geometrická konštrukcia","Goal",0,,
"75-csmo-a-i-3","Množina bodov","Type",0,,
"75-csmo-a-i-3","Deliteľnosť","Type",0,,
"75-csmo-a-i-3","Kružnica pripísaná","Type",0,,
"75-csmo-a-i-3","Kvadratická rovnica","Type",0,,
"75-csmo-a-i-3","Nesúdeliteľné čísla","Type",0,,
"75-csmo-a-i-3","Štvorec","Type",0,,
"75-csmo-a-i-3","Iterácia funkcie","Type",0,,
"75-csmo-a-i-3","Číselná sústava","Type",0,,
"75-csmo-a-i-3","Najväčší spoločný deliteľ","Type",0,,
"75-csmo-a-i-3","Kosoštvorec","Type",0,,
"75-csmo-a-i-3","Stredová súmernosť","Type",0,,
"75-csmo-a-i-3","Konštrukčná úloha","Goal",0,,
"75-csmo-a-i-3","Kvadratický polynóm","Type",0,,
"75-csmo-a-i-3","Ciferný súčet","Type",0,,
"75-csmo-a-i-3","Dôkaz jednoznačnosti","Goal",0,,
"75-csmo-a-i-3","Palindróm","Type",0,,
"75-csmo-a-i-3","Triangulárne číslo","Type",0,,
"75-csmo-a-i-3","Kombinačné číslo","Type",0,,
"75-csmo-a-i-3","Počet riešení","Goal",0,,
"75-csmo-a-i-3","Rýchlosť","Type",0,,
"75-csmo-a-i-3","Sústava rovníc","Type",0,,
"75-csmo-a-i-3","Dôkaz neexistencie","Goal",0,,
"75-csmo-a-i-3","Polynóm","Type",0,,
"75-csmo-a-i-3","Objem","Type",0,,
"75-csmo-a-i-3","Komplexné čísla","Area",0,,
"75-csmo-a-i-3","Dotyčnica","Type",0,,
"75-csmo-a-i-3","Dôkaz existencie","Goal",0,,
"75-csmo-a-i-3","Celá časť","Type",0,,
"75-csmo-a-i-3","Povrch","Type",0,,
"75-csmo-a-i-3","Geometria","Area",0,,
"75-csmo-a-i-3","Tetivový štvoruholník","Type",0,,
"75-csmo-a-i-3","Funkcionálna rovnica","Area",0,,
"75-csmo-a-i-3","Ortocentrum","Type",0,,
"75-csmo-a-i-3","Prvočísla","Type",0,,
"75-csmo-a-i-3","Dôkaz ekvivalencie","Goal",0,,
"75-csmo-a-i-3","Pellova rovnica","Type",0,,
"75-csmo-a-i-3","Obdĺžnik","Type",0,,
"75-csmo-a-i-3","Víťazná stratégia","Goal",0,,
"75-csmo-a-i-3","Najmenší spoločný násobok","Type",0,,
"75-csmo-a-i-3","Všetky riešenia","Goal",0,,
"75-csmo-a-i-3","Rovnica","Type",0,,
"75-csmo-a-i-3","Kombinatorická geometria","Area",0,,
"75-csmo-a-i-3","Pravouhlý trojuholník","Type",0,,
"75-csmo-a-i-3","Nájdite riešenie, ak existuje","Goal",0,,
"75-csmo-a-i-3","Obsah","Type",0,,
"75-csmo-a-i-3","Aritmetická postupnosť","Type",0,,
"75-csmo-a-i-3","Stredná priečka","Type",0,,
"75-csmo-a-i-3","Kružnica vpísaná","Type",0,,
"75-csmo-a-i-3","Magický štvorec","Type",0,,
"75-csmo-a-i-3","Medián","Type",0,,
"75-csmo-a-i-3","Teória grafov","Area",0,,
"75-csmo-a-i-3","Mriežka","Type",0,,
"75-csmo-a-i-3","Platí vo všeobecnosti?","Goal",0,,
"75-csmo-a-i-3","Faktoriál","Type",0,,
"75-csmo-a-i-3","Nerovnosť","Type",0,,
"75-csmo-a-i-3","Kružnica opísaná","Type",0,,
"75-csmo-a-i-3","Binomický koeficient","Type",0,,
"75-csmo-a-i-3","Primitívny koreň","Type",0,,
"75-csmo-a-i-3","Úsekový uhol","Type",0,,
"75-csmo-a-i-3","Existuje riešenie?","Goal",0,,
"75-csmo-a-i-3","Algebrogram","Type",0,,
"75-csmo-a-i-3","Ťažisko","Type",0,,
"75-csmo-a-i-3","Logická úloha","Area",0,,
"75-csmo-a-i-3","Geometrická postupnosť","Type",0,,
"75-csmo-a-i-3","Permutácia","Type",0,,
"75-csmo-a-i-3","Lichobežník","Type",0,,
"75-csmo-a-i-3","Parita","Type",0,,
"75-csmo-a-i-3","Pevný bod","Type",0,,
"75-csmo-a-i-3","Teória čísel","Area",0,,
"75-csmo-a-i-3","Goniometria","Area",0,,
"75-csmo-a-i-3","Kongruencie","Type",0,,
"75-csmo-a-i-3","Kváder","Type",0,,
"75-csmo-a-i-3","Ťažnica","Type",0,,
"75-csmo-a-i-3","Fibonacciho postupnosť","Type",0,,
"75-csmo-a-i-3","Dôkaz všeobecného tvrdenia","Goal",0,,
"75-csmo-a-i-3","Dotyčnicový štvoruholník","Type",0,,
"75-csmo-a-i-3","Remizujúca stratégia","Goal",0,,
"75-csmo-a-i-3","Rovnoľahlosť","Type",0,,
"75-csmo-a-i-4","Rovnoľahlosť","Type",0,,
"75-csmo-a-i-4","Teória čísel","Area",1,1,"The problem deals with natural numbers, coprimality, and divisibility, which are core concepts in number theory."
"75-csmo-a-i-4","Dôkaz všeobecného tvrdenia","Goal",1,1,"The objective is to prove a general statement about the coprimality of two expressions given initial conditions."
"75-csmo-a-i-4","Priemer","Type",0,,
"75-csmo-a-i-4","Sústava nerovníc","Type",0,,
"75-csmo-a-i-4","Hra 3+ hráčov","Type",0,,
"75-csmo-a-i-4","Absolútna hodnota","Type",0,,
"75-csmo-a-i-4","Algebra","Area",0,,
"75-csmo-a-i-4","Rovnobežník","Type",0,,
"75-csmo-a-i-4","Obvod","Type",0,,
"75-csmo-a-i-4","Symediána","Type",0,,
"75-csmo-a-i-4","Hra dvoch hráčov","Type",0,,
"75-csmo-a-i-4","Zvyšok po delení","Type",0,,
"75-csmo-a-i-4","3D geometria","Area",0,,
"75-csmo-a-i-4","Kvadratický zvyšok","Type",0,,
"75-csmo-a-i-4","Periodická postupnosť","Type",0,,
"75-csmo-a-i-4","Geometrická konštrukcia","Goal",0,,
"75-csmo-a-i-4","Množina bodov","Type",0,,
"75-csmo-a-i-4","Deliteľnosť","Type",0,,
"75-csmo-a-i-4","Výpočet veličiny","Goal",0,,
"75-csmo-a-i-4","Kružnica pripísaná","Type",0,,
"75-csmo-a-i-4","Kvadratická rovnica","Type",0,,
"75-csmo-a-i-4","Nesúdeliteľné čísla","Type",1,1,"The problem statement explicitly uses the term 'nesúdeliteľné čísla' (coprime numbers) multiple times."
"75-csmo-a-i-4","Štvorec","Type",0,,
"75-csmo-a-i-4","Iterácia funkcie","Type",0,,
"75-csmo-a-i-4","Optimalizačná úloha","Goal",0,,
"75-csmo-a-i-4","Číselná sústava","Type",0,,
"75-csmo-a-i-4","Najväčší spoločný deliteľ","Type",0,,
"75-csmo-a-i-4","Kosoštvorec","Type",0,,
"75-csmo-a-i-4","Stredová súmernosť","Type",0,,
"75-csmo-a-i-4","Kombinatorika","Area",0,,
"75-csmo-a-i-4","Konštrukčná úloha","Goal",0,,
"75-csmo-a-i-4","Kvadratický polynóm","Type",0,,
"75-csmo-a-i-4","Ciferný súčet","Type",0,,
"75-csmo-a-i-4","Dôkaz jednoznačnosti","Goal",0,,
"75-csmo-a-i-4","Palindróm","Type",0,,
"75-csmo-a-i-4","Rekurentná postupnosť","Type",0,,
"75-csmo-a-i-4","Triangulárne číslo","Type",0,,
"75-csmo-a-i-4","Kombinačné číslo","Type",0,,
"75-csmo-a-i-4","Počet riešení","Goal",0,,
"75-csmo-a-i-4","Rýchlosť","Type",0,,
"75-csmo-a-i-4","Sústava rovníc","Type",0,,
"75-csmo-a-i-4","Dôkaz neexistencie","Goal",0,,
"75-csmo-a-i-4","Polynóm","Type",0,,
"75-csmo-a-i-4","Objem","Type",0,,
"75-csmo-a-i-4","Komplexné čísla","Area",0,,
"75-csmo-a-i-4","Dotyčnica","Type",0,,
"75-csmo-a-i-4","Dôkaz existencie","Goal",0,,
"75-csmo-a-i-4","Celá časť","Type",0,,
"75-csmo-a-i-4","Povrch","Type",0,,
"75-csmo-a-i-4","Geometria","Area",0,,
"75-csmo-a-i-4","Tetivový štvoruholník","Type",0,,
"75-csmo-a-i-4","Funkcionálna rovnica","Area",0,,
"75-csmo-a-i-4","Ortocentrum","Type",0,,
"75-csmo-a-i-4","Prvočísla","Type",0,,
"75-csmo-a-i-4","Dôkaz ekvivalencie","Goal",0,,
"75-csmo-a-i-4","Pellova rovnica","Type",0,,
"75-csmo-a-i-4","Obdĺžnik","Type",0,,
"75-csmo-a-i-4","Víťazná stratégia","Goal",0,,
"75-csmo-a-i-4","Najmenší spoločný násobok","Type",0,,
"75-csmo-a-i-4","Všetky riešenia","Goal",0,,
"75-csmo-a-i-4","Rovnica","Type",0,,
"75-csmo-a-i-4","Kombinatorická geometria","Area",0,,
"75-csmo-a-i-4","Pravouhlý trojuholník","Type",0,,
"75-csmo-a-i-4","Nájdite riešenie, ak existuje","Goal",0,,
"75-csmo-a-i-4","Obsah","Type",0,,
"75-csmo-a-i-4","Aritmetická postupnosť","Type",0,,
"75-csmo-a-i-4","Stredná priečka","Type",0,,
"75-csmo-a-i-4","Kružnica vpísaná","Type",0,,
"75-csmo-a-i-4","Magický štvorec","Type",0,,
"75-csmo-a-i-4","Medián","Type",0,,
"75-csmo-a-i-4","Teória grafov","Area",0,,
"75-csmo-a-i-4","Mriežka","Type",0,,
"75-csmo-a-i-4","Platí vo všeobecnosti?","Goal",0,,
"75-csmo-a-i-4","Faktoriál","Type",0,,
"75-csmo-a-i-4","Nerovnosť","Type",0,,
"75-csmo-a-i-4","Kružnica opísaná","Type",0,,
"75-csmo-a-i-4","Binomický koeficient","Type",0,,
"75-csmo-a-i-4","Primitívny koreň","Type",0,,
"75-csmo-a-i-4","Úsekový uhol","Type",0,,
"75-csmo-a-i-4","Existuje riešenie?","Goal",0,,
"75-csmo-a-i-4","Algebrogram","Type",0,,
"75-csmo-a-i-4","Ťažisko","Type",0,,
"75-csmo-a-i-4","Logická úloha","Area",0,,
"75-csmo-a-i-4","Geometrická postupnosť","Type",0,,
"75-csmo-a-i-4","Permutácia","Type",0,,
"75-csmo-a-i-4","Lichobežník","Type",0,,
"75-csmo-a-i-4","Parita","Type",0,,
"75-csmo-a-i-4","Pevný bod","Type",0,,
"75-csmo-a-i-4","Goniometria","Area",0,,
"75-csmo-a-i-4","Kongruencie","Type",0,,
"75-csmo-a-i-4","Kváder","Type",0,,
"75-csmo-a-i-4","Ťažnica","Type",0,,
"75-csmo-a-i-4","Fibonacciho postupnosť","Type",0,,
"75-csmo-a-i-4","Dotyčnicový štvoruholník","Type",0,,
"75-csmo-a-i-4","Remizujúca stratégia","Goal",0,,
"75-csmo-a-i-5","Celá časť","Type",0,,
"75-csmo-a-i-5","Rovnoľahlosť","Type",0,,
"75-csmo-a-i-5","Remizujúca stratégia","Goal",0,,
"75-csmo-a-i-5","Dotyčnicový štvoruholník","Type",0,,
"75-csmo-a-i-5","Fibonacciho postupnosť","Type",0,,
"75-csmo-a-i-5","Ťažnica","Type",0,,
"75-csmo-a-i-5","Kváder","Type",0,,
"75-csmo-a-i-5","Kongruencie","Type",0,,
"75-csmo-a-i-5","Teória čísel","Area",0,,
"75-csmo-a-i-5","Pevný bod","Type",0,,
"75-csmo-a-i-5","Parita","Type",0,,
"75-csmo-a-i-5","Lichobežník","Type",0,,
"75-csmo-a-i-5","Permutácia","Type",0,,
"75-csmo-a-i-5","Geometrická postupnosť","Type",0,,
"75-csmo-a-i-5","Logická úloha","Area",0,,
"75-csmo-a-i-5","Ťažisko","Type",0,,
"75-csmo-a-i-5","Algebrogram","Type",0,,
"75-csmo-a-i-5","Existuje riešenie?","Goal",0,,
"75-csmo-a-i-5","Úsekový uhol","Type",0,,
"75-csmo-a-i-5","Primitívny koreň","Type",0,,
"75-csmo-a-i-5","Binomický koeficient","Type",0,,
"75-csmo-a-i-5","Kružnica opísaná","Type",0,,
"75-csmo-a-i-5","Nerovnosť","Type",0,,
"75-csmo-a-i-5","Faktoriál","Type",0,,
"75-csmo-a-i-5","Platí vo všeobecnosti?","Goal",0,,
"75-csmo-a-i-5","Mriežka","Type",0,,
"75-csmo-a-i-5","Teória grafov","Area",0,,
"75-csmo-a-i-5","Medián","Type",0,,
"75-csmo-a-i-5","Magický štvorec","Type",0,,
"75-csmo-a-i-5","Kružnica vpísaná","Type",0,,
"75-csmo-a-i-5","Stredná priečka","Type",0,,
"75-csmo-a-i-5","Aritmetická postupnosť","Type",0,,
"75-csmo-a-i-5","Obsah","Type",0,,
"75-csmo-a-i-5","Nájdite riešenie, ak existuje","Goal",0,,
"75-csmo-a-i-5","Pravouhlý trojuholník","Type",0,,
"75-csmo-a-i-5","Kombinatorická geometria","Area",0,,
"75-csmo-a-i-5","Rovnica","Type",0,,
"75-csmo-a-i-5","Všetky riešenia","Goal",0,,
"75-csmo-a-i-5","Najmenší spoločný násobok","Type",0,,
"75-csmo-a-i-5","Víťazná stratégia","Goal",0,,
"75-csmo-a-i-5","Obdĺžnik","Type",0,,
"75-csmo-a-i-5","Pellova rovnica","Type",0,,
"75-csmo-a-i-5","Dôkaz ekvivalencie","Goal",0,,
"75-csmo-a-i-5","Prvočísla","Type",0,,
"75-csmo-a-i-5","Ortocentrum","Type",0,,
"75-csmo-a-i-5","Funkcionálna rovnica","Area",0,,
"75-csmo-a-i-5","Tetivový štvoruholník","Type",0,,
"75-csmo-a-i-5","Povrch","Type",0,,
"75-csmo-a-i-5","Dôkaz existencie","Goal",0,,
"75-csmo-a-i-5","Dotyčnica","Type",0,,
"75-csmo-a-i-5","Komplexné čísla","Area",0,,
"75-csmo-a-i-5","Objem","Type",0,,
"75-csmo-a-i-5","Polynóm","Type",0,,
"75-csmo-a-i-5","Dôkaz neexistencie","Goal",0,,
"75-csmo-a-i-5","Sústava rovníc","Type",0,,
"75-csmo-a-i-5","Rýchlosť","Type",0,,
"75-csmo-a-i-5","Počet riešení","Goal",0,,
"75-csmo-a-i-5","Kombinačné číslo","Type",0,,
"75-csmo-a-i-5","Triangulárne číslo","Type",0,,
"75-csmo-a-i-5","Rekurentná postupnosť","Type",0,,
"75-csmo-a-i-5","Palindróm","Type",0,,
"75-csmo-a-i-5","Dôkaz jednoznačnosti","Goal",0,,
"75-csmo-a-i-5","Ciferný súčet","Type",0,,
"75-csmo-a-i-5","Kvadratický polynóm","Type",0,,
"75-csmo-a-i-5","Konštrukčná úloha","Goal",0,,
"75-csmo-a-i-5","Kombinatorika","Area",0,,
"75-csmo-a-i-5","Stredová súmernosť","Type",0,,
"75-csmo-a-i-5","Kosoštvorec","Type",0,,
"75-csmo-a-i-5","Najväčší spoločný deliteľ","Type",0,,
"75-csmo-a-i-5","Číselná sústava","Type",0,,
"75-csmo-a-i-5","Iterácia funkcie","Type",0,,
"75-csmo-a-i-5","Štvorec","Type",0,,
"75-csmo-a-i-5","Nesúdeliteľné čísla","Type",0,,
"75-csmo-a-i-5","Kvadratická rovnica","Type",0,,
"75-csmo-a-i-5","Kružnica pripísaná","Type",0,,
"75-csmo-a-i-5","Výpočet veličiny","Goal",0,,
"75-csmo-a-i-5","Deliteľnosť","Type",0,,
"75-csmo-a-i-5","Množina bodov","Type",0,,
"75-csmo-a-i-5","Geometrická konštrukcia","Goal",0,,
"75-csmo-a-i-5","Periodická postupnosť","Type",0,,
"75-csmo-a-i-5","Kvadratický zvyšok","Type",0,,
"75-csmo-a-i-5","3D geometria","Area",0,,
"75-csmo-a-i-5","Zvyšok po delení","Type",0,,
"75-csmo-a-i-5","Hra dvoch hráčov","Type",0,,
"75-csmo-a-i-5","Symediána","Type",0,,
"75-csmo-a-i-5","Rovnobežník","Type",0,,
"75-csmo-a-i-5","Algebra","Area",0,,
"75-csmo-a-i-5","Absolútna hodnota","Type",0,,
"75-csmo-a-i-5","Hra 3+ hráčov","Type",0,,
"75-csmo-a-i-5","Sústava nerovníc","Type",0,,
"75-csmo-a-i-5","Priemer","Type",0,,
"75-csmo-a-i-5","Dôkaz všeobecného tvrdenia","Goal",1,1,"The objective is to prove a general statement: if a condition about angles holds, then the perimeters of two triangles are equal."
"75-csmo-a-i-5","Goniometria","Area",0,,
"75-csmo-a-i-5","Geometria","Area",1,1,"The problem is fundamentally about geometric properties of points, lines, angles, and triangles in a plane."
"75-csmo-a-i-5","Optimalizačná úloha","Goal",1,1,"The problem explicitly states that points P and Q are chosen such that the perimeter of triangle PQR is the 'najmenší možný' (smallest possible), and similarly for points S and T and triangle RST. This clearly indicates an optimization sub-problem."
"75-csmo-a-i-5","Obvod","Type",0,,
"75-csmo-a-i-6","Kongruencie","Type",1,1,"The condition 'rozdiel niektorých dvoch čísel na tabuli bol násobkom 97' (the difference of some two numbers on the board is a multiple of 97) is directly expressed using the concept of congruences (a = b (mod 97))."
"75-csmo-a-i-6","Rovnoľahlosť","Type",0,,
"75-csmo-a-i-6","Remizujúca stratégia","Goal",0,,
"75-csmo-a-i-6","Dotyčnicový štvoruholník","Type",0,,
"75-csmo-a-i-6","Dôkaz všeobecného tvrdenia","Goal",0,,
"75-csmo-a-i-6","Fibonacciho postupnosť","Type",0,,
"75-csmo-a-i-6","Ťažnica","Type",0,,
"75-csmo-a-i-6","Kváder","Type",0,,
"75-csmo-a-i-6","Goniometria","Area",0,,
"75-csmo-a-i-6","Pevný bod","Type",0,,
"75-csmo-a-i-6","Parita","Type",0,,
"75-csmo-a-i-6","Lichobežník","Type",0,,
"75-csmo-a-i-6","Permutácia","Type",0,,
"75-csmo-a-i-6","Geometrická postupnosť","Type",0,,
"75-csmo-a-i-6","Logická úloha","Area",0,,
"75-csmo-a-i-6","Ťažisko","Type",0,,
"75-csmo-a-i-6","Algebrogram","Type",0,,
"75-csmo-a-i-6","Existuje riešenie?","Goal",1,1,"The problem asks directly 'Môže vždy žirafa po konečne veľa krokoch dosiahnuť to, aby...?' (Can the giraffe always achieve...?), which is a question about the existence of a sequence of steps leading to a desired state."
"75-csmo-a-i-6","Úsekový uhol","Type",0,,
"75-csmo-a-i-6","Primitívny koreň","Type",0,,
"75-csmo-a-i-6","Binomický koeficient","Type",0,,
"75-csmo-a-i-6","Kružnica opísaná","Type",0,,
"75-csmo-a-i-6","Nerovnosť","Type",0,,
"75-csmo-a-i-6","Faktoriál","Type",0,,
"75-csmo-a-i-6","Platí vo všeobecnosti?","Goal",0,,
"75-csmo-a-i-6","Mriežka","Type",0,,
"75-csmo-a-i-6","Teória grafov","Area",0,,
"75-csmo-a-i-6","Medián","Type",0,,
"75-csmo-a-i-6","Magický štvorec","Type",0,,
"75-csmo-a-i-6","Kružnica vpísaná","Type",0,,
"75-csmo-a-i-6","Stredná priečka","Type",0,,
"75-csmo-a-i-6","Aritmetická postupnosť","Type",0,,
"75-csmo-a-i-6","Obsah","Type",0,,
"75-csmo-a-i-6","Nájdite riešenie, ak existuje","Goal",0,,
"75-csmo-a-i-6","Pravouhlý trojuholník","Type",0,,
"75-csmo-a-i-6","Kombinatorická geometria","Area",0,,
"75-csmo-a-i-6","Rovnica","Type",0,,
"75-csmo-a-i-6","Všetky riešenia","Goal",0,,
"75-csmo-a-i-6","Najmenší spoločný násobok","Type",0,,
"75-csmo-a-i-6","Víťazná stratégia","Goal",0,,
"75-csmo-a-i-6","Obdĺžnik","Type",0,,
"75-csmo-a-i-6","Pellova rovnica","Type",0,,
"75-csmo-a-i-6","Dôkaz ekvivalencie","Goal",0,,
"75-csmo-a-i-6","Prvočísla","Type",0,,
"75-csmo-a-i-6","Ortocentrum","Type",0,,
"75-csmo-a-i-6","Funkcionálna rovnica","Area",0,,
"75-csmo-a-i-6","Tetivový štvoruholník","Type",0,,
"75-csmo-a-i-6","Geometria","Area",0,,
"75-csmo-a-i-6","Teória čísel","Area",1,1,"The problem deals with natural numbers, operations on them (squaring), and divisibility properties (being a multiple of 97), which are core concepts in number theory."
"75-csmo-a-i-6","Povrch","Type",0,,
"75-csmo-a-i-6","Celá časť","Type",0,,
"75-csmo-a-i-6","Dôkaz existencie","Goal",0,,
"75-csmo-a-i-6","Dotyčnica","Type",0,,
"75-csmo-a-i-6","Komplexné čísla","Area",0,,
"75-csmo-a-i-6","Objem","Type",0,,
"75-csmo-a-i-6","Polynóm","Type",0,,
"75-csmo-a-i-6","Dôkaz neexistencie","Goal",0,,
"75-csmo-a-i-6","Sústava rovníc","Type",0,,
"75-csmo-a-i-6","Rýchlosť","Type",0,,
"75-csmo-a-i-6","Počet riešení","Goal",0,,
"75-csmo-a-i-6","Kombinačné číslo","Type",0,,
"75-csmo-a-i-6","Triangulárne číslo","Type",0,,
"75-csmo-a-i-6","Rekurentná postupnosť","Type",0,,
"75-csmo-a-i-6","Palindróm","Type",0,,
"75-csmo-a-i-6","Dôkaz jednoznačnosti","Goal",0,,
"75-csmo-a-i-6","Ciferný súčet","Type",0,,
"75-csmo-a-i-6","Kvadratický polynóm","Type",0,,
"75-csmo-a-i-6","Konštrukčná úloha","Goal",0,,
"75-csmo-a-i-6","Kombinatorika","Area",0,,
"75-csmo-a-i-6","Stredová súmernosť","Type",0,,
"75-csmo-a-i-6","Kosoštvorec","Type",0,,
"75-csmo-a-i-6","Najväčší spoločný deliteľ","Type",0,,
"75-csmo-a-i-6","Číselná sústava","Type",0,,
"75-csmo-a-i-6","Optimalizačná úloha","Goal",0,,
"75-csmo-a-i-6","Iterácia funkcie","Type",0,,
"75-csmo-a-i-6","Štvorec","Type",0,,
"75-csmo-a-i-6","Nesúdeliteľné čísla","Type",0,,
"75-csmo-a-i-6","Kvadratická rovnica","Type",0,,
"75-csmo-a-i-6","Kružnica pripísaná","Type",0,,
"75-csmo-a-i-6","Výpočet veličiny","Goal",0,,
"75-csmo-a-i-6","Deliteľnosť","Type",0,,
"75-csmo-a-i-6","Množina bodov","Type",0,,
"75-csmo-a-i-6","Geometrická konštrukcia","Goal",0,,
"75-csmo-a-i-6","Periodická postupnosť","Type",0,,
"75-csmo-a-i-6","Kvadratický zvyšok","Type",0,,
"75-csmo-a-i-6","3D geometria","Area",0,,
"75-csmo-a-i-6","Zvyšok po delení","Type",0,,
"75-csmo-a-i-6","Hra dvoch hráčov","Type",0,,
"75-csmo-a-i-6","Symediána","Type",0,,
"75-csmo-a-i-6","Obvod","Type",0,,
"75-csmo-a-i-6","Rovnobežník","Type",0,,
"75-csmo-a-i-6","Algebra","Area",0,,
"75-csmo-a-i-6","Absolútna hodnota","Type",0,,
"75-csmo-a-i-6","Hra 3+ hráčov","Type",0,,
"75-csmo-a-i-6","Sústava nerovníc","Type",0,,
"75-csmo-a-i-6","Priemer","Type",0,,
